core_id,depth_cm,age_ad,C_percent,C/N,d13C_permille,d15N_permille,K_percent,Ti_percent
BEN15-2,0,2015.90277777778,14.7571763,12.1576545637784,-30.2475191283475,2.4619617,1.0026,0.1693
BEN15-2,0.5,2015.18844246108,14.6570121,12.1782893609681,-30.3104166181714,2.4476625,1.0857,0.1823
BEN15-2,1,2014.47410714438,14.9498318,11.9233798975136,-30.3579925246289,2.336219,0.9782,0.1678
BEN15-2,1.5,2012.94977934051,14.5455791590239,11.6789999181436,-30.3383472,2.5285724,0.9423,0.1664
BEN15-2,2,2011.42545153663,14.404084,11.6120014704365,-30.4326968,2.662515,1.07843333333333,0.183166666666667
BEN15-2,2.5,2009.60159208973,14.4033607,11.886028279506,-30.3242378420697,2.4807083,1.0863,0.183
BEN15-2,3,2007.77773264284,14.4177444,11.8776829062136,-30.288016196496802,2.5302568,1.0374,0.1762
BEN15-2,3.5,2004.94926225757,14.279836,11.970717833808,-30.2326369889982,2.59834945,0.97,0.167
BEN15-2,4,2002.1207918723,14.0137174,12.0474215814301,-30.2249132419792,2.6022023,1.1175,0.1791
BEN15-2,4.5,1999.25083158732,13.703397,12.1134626323808,-30.1883070457727,2.4800724,1.00643333333333,0.17
BEN15-2,5,1996.38087130235,13.4037078,12.2240012242507,-30.1225190052901,2.4646914,1.0277,0.1673
BEN15-2,6,1986.60074098914,12.9185295,12.3472494326978,-29.9515994958671,2.7555415,1.0217,0.1635
BEN15-2,7,1979.18169809553,12.9054469,12.3465849074564,-29.8527762653933,2.8564914,1.0548,0.1664
BEN15-2,8,1969.62338410971,13.3591701,12.6398955781366,-29.7015751557681,2.7962362,0.9907,0.1657
BEN15-2,9,1958.81792157789,13.852618,12.8978591365598,-29.64107115084,2.9966511,0.961633333333333,0.1703
BEN15-2,10,1947.38791603619,14.3861235,13.0462122689205,-29.4846775438869,3.1572934,0.7835,0.1394
BEN15-2,11,1933.87076103054,14.5339118,13.0144080776858,-29.4596483169673,3.0552292,0.7378,0.1308
BEN15-2,12,1918.57325443126,14.5938659,12.9764177182279,-29.3531449669375,3.1797839,0.6611,0.1263
BEN15-2,13,1903.26723035265,15.6672887,13.6459235089837,-29.0373532,2.79067761163464,0.6648,0.115
BEN15-2,14,1886.5773272173,14.7652316,13.0530661361479,-29.1819716886075,3.0175596,0.6972,0.135633333333333
BEN15-2,15,1874.42857927453,15.0285482,12.9159374000379,-29.2800536745787,2.9833528,0.5953,0.1155
BEN15-2,16,1858.80885120179,15.2907968,12.9750082457863,-29.3662463142823,3.0011951,NA,0.1505
BEN15-2,17,1843.18912312905,16.1070913,13.1075631113746,-29.4391407367096,3.0423911,0.4818,0.1081
BEN15-2,18,1834.7858799635,16.8282053,13.1598755222967,-29.4419645392267,3.0332975,0.4685,0.1096
BEN15-2,19,1826.38263679794,17.3365133,13.4040464017739,-29.4039578655922,3.16360505,0.5948,0.134633333333333
BEN15-2,20,1817.97939363238,17.5916187,13.4816428188464,-29.3950488613762,3.1831773,0.5979,0.1257
BEN15-2,21,1809.57615046682,17.3113059,13.5712190660695,-29.4224142723699,3.2224989,0.6531,0.1373
BEN15-2,22,1801.17290730127,17.1835888,13.4176051562817,-29.3694279496856,3.4085977,0.5826,0.1219
BEN15-2,23,1792.76966413571,16.4922319,13.4756838903292,-29.438955831553,3.3872888,0.6063,0.1308
BEN15-2,24,1784.36642097015,16.8081117,13.4260109340425,-29.4696278095072,3.4229948,0.6663,0.136066666666667
BEN15-2,25,1775.96317780459,16.7015797,13.4006778336443,-29.589611725083,3.4174469,0.5996,0.1195
BEN15-2,26,1767.55993463904,15.9030599,13.5030483422254,-29.5258041133151,3.5653774,0.5694,0.1159
BEN15-2,27,1759.15669147348,15.0694727,13.4061060678052,-29.4165063525216,3.5993003,0.6424,0.1181
BEN15-2,28,1750.75344830792,14.535988,13.5018452196453,-29.3190708140635,3.5992255,0.6822,0.119
BEN15-2,29,1742.35020514236,14.529308,13.3627739165728,-29.3010527987766,3.5382843,0.636233333333333,0.1162
FCL16-1,0,2016.45833333333,16.8659235,12.0586094779498,-26.93968325,2.84338957522011,0.499233333333333,0.143133333333333
FCL16-1,0.5,2014.6725849875,15.02617,13.7875983304954,-27.87344,2.17727363328398,0.5995,0.1861
FCL16-1,1,2012.88683664166,15.4953955,14.2471591457623,-27.6958205,1.82758566559108,0.5359,0.1685
FCL16-1,1.5,2010.58411644002,14.9204781,14.2785447145765,-27.889496,1.58694136960877,0.5403,0.1672
FCL16-1,2,2008.28139623837,14.9860755,14.6687666082373,-27.9627515,1.71959164326737,0.6104,0.1741
FCL16-1,2.5,2005.09016334369,15.5008134,15.404051311283,-27.871433,1.80125761757599,0.643725,0.1978
FCL16-1,3,2001.898930449,15.3592023,15.5361340085429,-28.009916,1.77414918590539,0.6521,0.2093
FCL16-1,3.5,1997.75302597975,15.1745487,16.1701875744264,-28.0209545,2.16605982455396,0.7617,0.2246
FCL16-1,4,1993.60712151051,15.80917,16.4644536071179,-28.034,2.37252029573244,0.8038,0.237
FCL16-1,4.5,1989.93109367342,15.4933079,16.4145481517393,-28.144385,2.64376035425749,0.8162,0.2477
FCL16-1,5,1986.25506583633,13.1076481,16.026210061473,-28.292903,2.77066604357978,0.906833333333333,0.2674
FCL16-1,5.5,1982.33302441548,14.3487118,16.0330619126177,-28.308959,2.63625234985712,0.9135,0.2702
FCL16-1,6,1978.41098299463,13.2591583,15.4417060138782,-28.4845715,2.90056988475692,0.9597,0.2895
FCL16-1,6.5,1973.63556698605,13.5565098,15.5074794235635,-28.6190405,2.62183122528957,1.022,0.2942
FCL16-1,7,1968.86015097746,13.1197355,15.8073158985887,-28.5206975,2.41994067813796,0.987,0.2955
FCL16-1,7.5,1963.10756788463,12.6103622,15.0915143008037,-28.7454815,2.66019674373181,1.0396,0.305233333333333
FCL16-1,8,1957.35498479179,12.6262891,15.1365641411821,-28.73996225,2.7371115915902,0.8873,0.2673
FCL16-1,8.5,1953.23189306109,13.5104808,15.2147795455774,-28.7274185,2.43814835915298,0.991,0.2895
FCL16-1,9,1949.10880133039,13.5165028,15.0247787356823,-28.7675585,2.60014338521338,0.8689,0.2558
FCL16-1,9.5,1945.42737590927,13.6739262,14.8008175238988,-28.75652,2.57124131188543,0.8749,0.2486
FCL16-1,10,1941.74595048815,13.7392408,14.6748662473311,-28.6411175,2.33556874869632,0.598066666666667,0.1873
FCL16-1,11,1932.59007023477,13.3197163,14.0601149217203,-28.6672085,2.17206530448334,0.4235,0.1423
FCL16-1,12,1923.18419945518,12.7528569,13.5941165691787,-28.557827,2.06744309536868,0.2452,0.1008
FCL16-1,13,1911.79827961339,12.449856,13.487269820016,-28.359134,1.98155334552854,NA,NA
FCL16-1,14,1899.61684174364,13.7693127,13.6341356982066,-28.4364035,1.78451882638763,0.18835,0.08565
FCL16-1,15,1882.55800901285,13.5940189,13.4268996508063,-28.543778,1.81416801272927,0.147833333333333,0.0739
FCL16-1,16,1864.71368575961,14.0748023,13.297101380131,-28.417337,1.7297048123895,0.1173,0.0655
FCL16-1,17,1849.8523458034,15.168339,13.6433863300966,-28.461491,1.63579264766086,0.1063,0.0633
FCL16-1,18,1830.54534133458,16.6187882,13.9929790875592,-28.628072,1.5795829156772,0.0886,0.0592
FCL16-1,19,1822.14209816902,16.3592833,13.8173193496386,-28.503638,1.69231039749895,0.0892,0.0622
FCL16-1,20,1813.73885500347,16.1051182,13.5368785826131,-28.4123195,1.67569244543142,0.0938,0.06195
FCL16-1,21,1805.33561183791,16.5149529,13.8011176806234,-28.567862,1.60291030691816,NA,NA
FCL16-1,22,1796.93236867235,18.5170947,14.1437302547715,-28.585925,1.33472051137051,0.0928,0.06005
FCL16-1,23,1788.52912550679,17.9783414,14.0514489920125,-28.525715,1.50965096886242,NA,NA
FCL16-1,24,1780.12588234124,17.3711918,13.7875246146385,-28.5748865,1.87201248265769,0.096,0.0643
FCL16-1,25,1771.72263917568,16.3111935,13.6059247589859,-28.561841,1.8573056828518,0.088725,0.058375
FCL16-1,26,1763.31939601012,17.5668802,13.6738640912789,-28.549799,1.63973632076589,NA,NA
FCL16-1,27,1754.91615284456,17.4777886,13.4266294350645,-28.6652015,1.68917895845881,0.1069,0.0636
FCL16-1,28,1746.51290967901,17.0549823,13.0746917938151,-28.740464,1.82529876542791,0.097,0.0609
FCL16-1,29,1738.10966651345,17.68521485,12.9664794425881,-28.7876285,2.12046138164587,0.0898,0.0576
FCL16-1,30,1729.70642334789,17.9535374,12.6775826332556,-29.1027275,2.34227545225928,0.0871333333333333,0.0556333333333333
FCL16-1,31,1721.30318018233,19.5073514,13.0762510613747,-28.846835,2.06836400218863,0.0853,0.056
FCL16-1,32,1712.89993701678,20.3747634,13.6123177573428,-28.6993205,1.87300575359127,0.0822,0.0568
FCL16-1,33,1704.49669385122,20.849903,13.8168793084345,-28.7274185,1.89401302085991,0.0912,0.0579
FCL16-1,34,1696.09345068566,18.8169354,13.4816514001385,-28.8638945,2.10595523687926,0.08895,0.05755
FCL16-1,35,1687.6902075201,19.8156978,13.3703153421041,-28.9301255,2.32191657573772,0.07325,0.0534
FCL16-1,36,1679.28696435455,20.7771216,13.3282452326319,-29.055563,2.24761106969399,0.0696,0.0578
FCL16-1,37,1670.88372118899,20.8529035,13.5282440786005,-29.0405105,2.23288866415925,0.0745,0.0586
FCL16-1,38,1662.48047802343,21.0749181,13.6489033136428,-29.1549095,2.23388462691032,0.0708,0.05415
FLE16-1,0,2016.45833333333,6.2635258,11.1271414795955,-28.6732295,8.26240689056021,1.9124,0.386766666666667
FLE16-1,0.5,2013.51757039804,6.1739854,11.0659713764549,-28.7133695,8.21864338276121,1.8652,0.373
FLE16-1,1,2010.57680746275,6.0548308,11.2292585347995,-28.708352,8.00860738348362,1.9027,0.3826
FLE16-1,1.5,2007.18381222788,5.7024077,11.0865623245976,-28.750499,7.78142455352364,2.0219,0.4031
FLE16-1,2,2003.79081699301,5.1133108,11.053749345257,-28.670219,7.47080459911484,1.98143333333333,0.3939
FLE16-1,2.5,2000.15166895216,4.8342815,10.9910726039254,-28.6110125,7.35897799314984,2.0705,0.4073
FLE16-1,3,1996.51252091131,4.572133,10.4632388732344,-28.559834,7.15122090046714,2.0447,0.4133
FLE16-1,3.5,1992.85341900844,4.3706392,11.3366326669302,-28.53575,6.71802228944457,2.1062,0.4272
FLE16-1,4,1989.19431710557,4.4337407,11.5771707323021,-28.50313625,6.45339948112573,2.0293,0.4099
FLE16-1,4.5,1985.09034898425,4.3217899,11.6992320144664,-28.427372,6.01429589157246,2.0686,0.4179
FLE16-1,5,1980.98638086293,4.5119056,11.97658888888,-28.521701,5.62940319683108,2.0092,0.402666666666667
FLE16-1,5.5,1977.35886803501,4.9971746,12.4829314304585,-28.393253,5.51352469326855,1.8904,0.3838
FLE16-1,6,1973.73135520709,5.0269725,12.2945385976519,-28.3922495,5.71929657685517,1.7952,0.376
FLE16-1,6.5,1970.31495667252,5.5077289,12.5407289782742,-28.391246,5.51219929615233,1.7835,0.3733
FLE16-1,7,1966.89855813795,5.6130238,12.4237189546679,-28.3059485,5.43299763396847,1.7145,0.3563
FLE16-1,7.5,1963.42699467789,6.0050212,12.8754089348376,-28.3942565,4.77654431393727,1.57323333333333,0.333266666666667
FLE16-1,8,1959.95543121783,6.3684451,12.6809974357024,-28.738457,4.79120485911407,1.5064,0.3243
FLE16-1,8.5,1955.62022571809,6.7368084,12.8836783230585,-28.491596,4.89081408454654,1.4045,0.3095
FLE16-1,9,1951.28502021835,7.4133367,13.1517132818998,-28.634093,4.60763285891168,1.3004,0.2907
FLE16-1,9.5,1947.52986126794,7.8260768,13.2121518865961,-28.6511525,4.34433664062589,1.2458,0.2941
FLE16-1,10,1943.77470231753,8.3875021,12.8461110562296,-28.895003,4.19827486572214,1.02086666666667,0.2491
FLE16-1,11,1934.23472543204,8.641869,12.8054191363753,-29.0284685,4.24070533822669,0.9774,0.2399
FLE16-1,12,1925.71122941362,9.6516635,12.9667804008852,-29.119787,3.74916150295316,0.6256,0.1766
FLE16-1,13,1917.38252851868,10.4712881,13.002797554831,-29.0926925,3.84631365325055,0.4927,0.1492
FLE16-1,14,1907.56115415821,11.0245775,13.162576042907,-29.1609305,3.60062216525528,0.503,0.1452
FLE16-1,15,1897.54232708979,11.8674414342028,12.8778708460968,-29.1204906161247,4.2005945329354,0.474,0.1386
FLE16-1,16,1882.26153581186,9.6473374046397,12.7175533012058,-29.0959961857123,3.87239276793013,0.4451,0.1302
FLE16-1,17,1866.19744671672,11.4596847069577,12.8890501301521,-28.9498159251474,4.13391180838896,0.3799,0.1245
FLE16-1,18,1855.19469195649,11.8094696645928,12.8276633260812,-28.9291022722554,4.28434180416215,0.4162,0.1242
FLE16-1,19,1835.97183185642,12.0797104125447,12.9277628806327,-29.0228749198877,4.21055845450189,0.3787,0.1223
FLE16-1,20,1827.56858869086,11.9115659288673,12.9542636673008,-29.0200738738235,3.76330432387699,0.3855,0.1208
FLE16-1,21,1819.1653455253,12.0717728092475,13.0864969530426,-29.0892115421734,4.12513568963158,0.388,0.1194
FLE16-1,22,1810.76210235975,12.279457687739,13.1202549780222,-29.0704148159371,4.19995008652568,0.3642,0.1182
FLE16-1,23,1802.35885919419,12.4785229930812,13.1357234136311,-29.1595977640186,4.25981656867047,0.303,0.1018
FLE16-1,24,1793.95561602863,12.5793032486634,13.1703033850306,-29.0860709825927,4.11471941380683,0.2863,0.1
FLE16-1,25,1785.55237286307,12.5710331237114,13.2114115495688,-29.2032241432206,3.96740078885802,0.274,0.0995
FLE16-1,26,1777.14912969752,12.8380805414298,13.2585562608938,-29.1887647481454,4.0654381400309,0.2697,0.1001
FLK12-1,1,2003,4.53366,11.20695,-27.94975,6.22995,2.1881,0.4356
FLK12-1,2,1994,4.58735,11.0783,-28.0259,5.95572,1.9647,0.3968
FLK12-1,3,1985,4.31317,10.833,-27.8833,5.39207,1.9403,0.4009
FLK12-1,4,1976,4.35833,10.6465,-27.9367,5.39632,1.8774,0.4074
FLK12-1,5,1967,4.42475,10.7886,-27.7678,4.94347,2.0766,0.4285
FLK12-1,6,1958,4.80309,11.4857,-27.6727,4.72847,1.5703,0.3401
FLK12-1,7,1937,7.13954,12.4159,-27.6708,3.51473,1.0243,0.2549
FLK12-1,8,1916,9.07156,12.7245,-27.4728,3.33791,0.7818,0.2258
FLK12-1,9,1895,9.33789,12.6135,-27.5524,3.15673,0.9041,0.2558
FLK12-1,10,1886.59675683444,9.62948,12.6414,-27.662,3.14123,0.981133333333333,0.260133333333333
FLK12-1,11,1878.19351366888,9.31865,12.7093,-27.7998,3.06454,0.8439,0.2298
FLK12-1,12,1869.79027050333,10.515,13.5971,-27.663,3.11046,0.7996,0.2255
FLK12-1,13,1861.38702733777,9.96478,12.9526,-27.6514,3.03354,0.8207,0.2264
FLK12-1,14,1852.98378417221,11.2826,14.9322,-27.5243,3.13668,0.7971,0.2263
FLK12-1,15,1844.58054100665,10.048,12.8875,-27.4913,3.13656,0.8248,0.2385
FLK12-1,16,1836.1772978411,10.3039,13.1239,-27.5325,3.04132,0.8081,0.22
FLK12-1,17,1827.77405467554,11.1865,14.2184,-27.4777,3.06452,0.8051,0.2242
FLK12-1,18,1819.37081150998,10.9481,14.8348,-27.3117,2.97894,0.8183,0.223
FLK12-1,19,1810.96756834442,9.48007,13.6082,-27.239,3.02116,0.8594,0.2313
FLK12-1,20,1802.56432517887,8.80949,13.0861,-27.1671,3.18446,0.854966666666667,0.2419
FLK12-1,21,1794.16108201331,8.5792,13.1762,-27.2312,3.35437,0.8787,0.2518
FLK12-1,22,1785.75783884775,8.53147,12.9507,-27.2836,3.09483,0.83,0.2257
FLK12-1,23,1777.35459568219,9.63517,13.4892,-27.2525,3.31095,0.8201,0.2308
FLK12-1,24,1768.95135251664,9.13865,12.9452,-27.0031,3.25059,0.8192,0.227
FLK12-1,25,1760.54810935108,9.44768,13.1477,-27.3146,3.25398,0.8027,0.225
FLK12-1,26,1752.14486618552,8.80251,12.9105,-27.1846,3.11875,0.8194,0.2282
FLK12-1,27,1743.74162301996,9.61115,12.9697,-27.4456,3.10069,0.7254,0.2065
FLK12-1,28,1735.33837985441,9.7874,12.6769,-27.4835,3.24638,0.7769,0.211
FLK12-1,29,1726.93513668885,9.43292,12.7042,-27.3195,3.19279,0.8135,0.2145
FLK12-1,30,1718.53189352329,8.76838,12.9167,-27.2419,3.27373,0.808075,0.227125
FLK12-1,31,1710.12865035773,8.82269,13.1424,-27.1914,3.14484,0.7551,0.2118
FLK12-1,32,1701.72540719218,9.40153,13.1449,-27.4107,3.24952,0.798,0.2236
FLK12-1,33,1693.32216402662,9.57906,13.0521,-27.4262,3.1671,0.7678,0.2129
LEM16-1,0,2016.45833333333,14.3219875838521,11.7993525423089,-29.1632139845651,3.95943496346024,0.695533333333333,0.208033333333333
LEM16-1,0.5,2012.70108393062,13.1708024572409,12.3357735283317,-28.9461175255107,3.5772466128207,1.3066,0.3893
LEM16-1,1,2008.94383452791,12.5119223669959,12.6968859950677,-28.6805905890766,3.538701590611,0.7413,0.2193
LEM16-1,1.5,2003.77561337326,10.5619641425565,12.9891244796554,-28.2516075718603,3.89641754502362,1.007,0.2957
LEM16-1,2,1998.60739221861,9.6529614547085,13.024852999136,-28.105622709232,4.17817543295815,0.9562,0.2702
LEM16-1,2.5,1990.56849971514,8.52371294080313,12.9093353997914,-27.9992584034921,4.70857710051818,1.01173333333333,0.287733333333333
LEM16-1,3,1982.52960721167,7.64531760780091,12.8599203159421,-28.2887888830977,5.24008288980099,1.0413,0.293
LEM16-1,3.5,1976.64766275095,7.46276284716485,12.6961180719106,-28.5997608781748,5.78650562635273,1.0219,0.2938
LEM16-1,4,1970.76571829022,7.54400491626907,12.4466558103523,-28.9088255623719,5.92745336520848,0.9861,0.2963
LEM16-1,4.5,1966.30855038256,7.34721129187144,12.3500315410674,-29.0580916163706,5.94476553563476,1.0798,0.3077
LEM16-1,5,1961.85138247491,7.5370327235246,12.5681741875891,-28.9989937561728,5.56997838145399,1.04443333333333,0.307133333333333
LEM16-1,5.5,1957.61031648251,7.3107954030542,12.4264207201574,-29.0971668989514,5.16448068711529,1.1592,0.3383
LEM16-1,6,1953.36925049011,7.3417491585957,12.4867461904427,-29.1232491915475,5.08487826191047,0.9999,0.2999
LEM16-1,6.5,1948.25740445861,7.47630453516928,12.5082241708001,-28.9947958141392,5.069750468615,1.0704,0.3137
LEM16-1,7,1943.14555842711,7.42104667014972,12.4000122197966,-29.1076942840882,5.05357933651079,1.1267,0.3246
LEM16-1,7.5,1937.91056304808,7.38180245205829,12.3324459825642,-29.1967046325207,4.67826967549395,1.08566666666667,0.315566666666667
LEM16-1,8,1932.67556766906,7.39863327630936,12.4139779374377,-29.1524488495727,4.82349333338428,1.029,0.3022
LEM16-1,8.5,1927.75132706738,7.93467576529153,12.4111748525713,-29.2343989308234,4.41280325485676,0.9854,0.2928
LEM16-1,9,1922.82708646569,8.81577120686625,12.4696606673077,-29.079588070294,3.72116237614162,0.9238,0.2785
LEM16-1,9.5,1919.06579607049,9.3352441470964,12.6446367562474,-29.1259653411599,3.81387099504867,0.8909,0.2712
LEM16-1,10,1915.30450567529,10.7608299151172,12.7628299979899,-29.2107071446081,3.08750745352065,0.7175,0.227566666666667
LEM16-1,11,1908.50839028438,11.4009786189371,12.8726319406661,-29.3250862128601,3.05873198940193,0.6499,0.2101
LEM16-1,12,1899.74079011919,11.2509745012901,12.8768384959898,-29.3156543364297,3.08938908749649,0.6326,0.2064
LEM16-1,13,1887.22868476386,12.1381726581225,12.6993986879292,-29.383738863585,2.63775459171427,0.552,0.1824
LEM16-1,14,1868.82845050086,12.7683625566305,12.1871707599093,-29.3559947555127,2.37323060887754,0.4276,0.1386
LEM16-1,15,1850.58050610269,12.7359635865215,12.11612421724,-29.5131486158574,2.39931481897793,0.363966666666667,0.131833333333333
LEM16-1,16,1824.46813816083,12.4273410191264,12.3995234093342,-29.5789056301075,2.60484513218122,0.3017,0.1172
LEM16-1,17,1816.06489499527,12.0865026100135,12.4748279131138,-29.56473445359,2.82560239549413,0.3216,0.126
LEM16-1,18,1807.66165182972,13.6449399943547,12.8869350723621,-29.5026326002323,2.67634309391262,0.3556,0.1271
LEM16-1,19,1799.25840866416,14.7134561440848,12.9335539203059,-29.7737379034369,2.57748771367099,0.3565,0.1314
LEM16-1,20,1790.8551654986,15.6415597304256,12.8999744967799,-29.7002405016321,2.4644116126709,0.3538,0.1313
LEM16-1,21,1782.45192233304,16.9720442503308,13.0317181706507,-29.7297592412315,2.56418779261885,0.327,0.1229
LEM16-1,22,1774.04867916749,17.678566041419,13.0775359643879,-29.7738425102424,2.33678413938218,0.3155,0.1151
LEM16-1,23,1765.64543600193,17.7987984878909,13.035413742659,-29.8027355907991,2.30981542477444,0.2748,0.1089
LEM16-1,24,1757.24219283637,18.27882845397,12.9739473336184,-29.8601421543054,2.13408733997386,0.283,0.1138
MAJ15-1,0,2015.90053763441,NA,NA,NA,NA,0.8394,0.236966666666667
MAJ15-1,0.5,2013.77150666286,16.2693175,15.7775131416511,-28.0817331,1.9796039,0.7693,0.233266666666667
MAJ15-1,1,2011.64247569131,15.2596724,16.2261264533647,-28.0753926,1.9094736,0.8178,0.2409
MAJ15-1,1.5,2008.95337547123,14.1974838,16.2995597879671,-28.0694304,1.9903538,0.827,0.2413
MAJ15-1,2,2006.26427525115,14.2701816,16.182694512492,-28.1024848,2.004687,0.8105,0.2376
MAJ15-1,2.5,2003.44546634225,14.714715,16.1103991547761,-28.0708396,1.9924014,0.812633333333333,0.2406
MAJ15-1,3,2000.62665743335,13.9553172,15.9607193380163,-28.0688266,1.9442828,0.8407,0.2485
MAJ15-1,3.5,1998.24034511826,13.7199969,15.8421000671326,-28.0362698,1.8398552,0.8168,0.2369
MAJ15-1,4,1995.85403280316,13.917566,15.8108684877111,-28.0706974,1.7712606,0.8494,0.2414
MAJ15-1,4.5,1994.02425676228,16.4503861,16.5047891861153,-28.112744,1.4508112,0.7342,0.1999
MAJ15-1,5,1992.19448072139,20.1302436,17.3009663929572,-28.2414056,1.3617406,0.632666666666667,0.189733333333333
MAJ15-1,5.5,1991.03154480838,21.4882129,17.0037050427656,-28.312844,1.5112154,0.5586,0.1725
MAJ15-1,6,1989.86860889536,21.1690389,17.2756837098983,-28.3518122,1.5736672,0.5352,0.1714
MAJ15-1,6.5,1988.29046821727,20.821857,17.2671571473021,-28.1933376,1.4917632,0.685,0.2133
MAJ15-1,7,1986.71232753918,18.8023733,16.6894623342859,-28.2211908,1.6095002,0.6759,0.1983
MAJ15-1,7.5,1984.94734351575,16.9511757,16.3046600584311,-28.3047198,1.927902,0.791766666666667,0.232266666666667
MAJ15-1,8,1983.18235949232,15.0315077,15.7067957895847,-28.1699016,2.3056842,0.867,0.2507
MAJ15-1,8.5,1980.34080733444,13.8854331,15.6983473214039,-28.0045164,2.1203764,0.9058,0.2486
MAJ15-1,9,1977.49925517655,13.419708,15.7095859474111,-27.9651808,2.0487104,0.8912,0.2564
MAJ15-1,9.5,1974.5210040372301,13.3913105,15.6787600637486,-27.8717624,2.1746378,0.8956,0.2657
MAJ15-1,10,1971.54275289792,13.4386734,15.6778588930409,-27.926041,2.132662,0.866533333333333,0.245566666666667
MAJ15-1,11,1964.10565365973,12.9970133,15.4202939973272,-27.9787712,2.0804482,0.8299,0.2417
MAJ15-1,12,1956.66855442154,12.7313796,15.1957685623711,-28.0718794,2.1142336,0.8399,0.2432
MAJ15-1,13,1949.23145518335,13.0967252,14.8837906924864,-27.9249594,1.9514494,0.7921,0.2379
MAJ15-1,14,1941.18284832583,12.781592,15.0323407931736,-27.9289316,1.9094736,0.8302,0.2494
MAJ15-1,15,1933.13424146831,12.6874949,15.2753518268606,-28.0238968,2.060996,0.803266666666667,0.240366666666667
MAJ15-1,16,1925.08563461079,11.7336697,15.3449804062859,-28.0862488,2.0384724,0.8233,0.2449
MAJ15-1,17,1916.2549250876,11.6234049,16.1270540881969,-27.9148568,2.1132098,0.8342,0.251
MAJ15-1,18,1907.42421556442,12.0297985,16.6367304225067,-27.9019434,1.98933,0.9053,0.2725
MAJ15-1,19,1898.59350604123,12.6746036,16.7381823416228,-27.8682172,2.1449476,0.8206,0.2492
MAJ15-1,20,1885.29146460264,13.5618773,17.0557857013322,-27.945092,2.153138,0.832,0.267166666666667
MAJ15-1,21,1871.98942316405,15.5603215,18.2244307501166,-27.8348458,2.1336858,0.7843,0.2434
MAJ15-1,22,1858.68738172546,16.8260274,18.4422752026663,-27.8095188,2.1152574,0.7616,0.2352
MAJ15-1,23,1850.2841385599,17.2389189,17.7089989648215,-27.8637168,2.2022804,0.6444,0.2201
MAJ15-1,24,1841.88089539434,16.4350551,14.9905383432241,-28.1136418,1.9872824,0.3983,0.1423
MAJ15-1,25,1833.47765222879,16.1565879,14.5975966883924,-28.0546456,1.979092,0.361933333333333,0.1264
MAJ15-1,26,1825.07440906323,16.3862473,14.6703739554925,-27.9655368,2.2698512,0.4088,0.1461
MAJ15-1,27,1816.67116589767,15.9947386,14.5715844085234,-27.935627,2.1623522,0.4079,0.1376
MAJ15-1,28,1808.26792273211,15.8084911,14.6718367753228,-27.9446043,2.2488633,0.395,0.1339
MAJ15-1,29,1799.86467956656,15.335339,14.4945274089849,-27.9703278,2.2933986,0.392,0.1377
MAJ15-1,30,1791.461436401,15.5019061,14.4447026466989,-27.9812588,2.183852,0.3698,0.131033333333333
MAJ15-1,31,1783.05819323544,15.7504622,14.5076592205719,-27.9703542,2.1715664,0.3697,0.1291
MAJ15-1,32,1774.65495006988,15.8130971,14.5321905849297,-28.0301746,2.122424,0.3569,0.131
MAJ15-1,33,1766.25170690433,15.8180685,14.5342922543345,-28.088,2.4121594,0.3411,0.1262
MAJ15-1,34,1757.84846373877,15.7630038,14.6050822115923,-27.9939558,2.3793978,0.375,0.1322
MAJ15-1,35,1749.44522057321,15.7634147,14.6751264035752,-28.019516,2.3855406,0.392833333333333,0.1357
MAJ15-1,36,1741.04197740765,15.8484481,14.4853094982026,-28.043719,2.424445,0.4043,0.1359
MAJ15-1,37,1732.6387342421,15.5432357,14.495172405818,-27.9980906,2.4203498,0.4441,0.1394
MAJ15-1,38,1724.23549107654,15.3433136,14.4248000330928,-27.8788714,2.5094204,0.4371,0.1422
MAJ15-1,39,1715.83224791098,15.1335541,14.3349714746123,-27.8927366,2.4684684,0.4236,0.1415
MAJ15-1,40,1707.42900474542,14.8781463,14.5501424389977,-27.9050562,2.5196584,0.428833333333333,0.137766666666667
POC15-2,0,2015.91666666667,NA,NA,NA,NA,0.505733333333333,0.2038
POC15-2,0.5,2015.10682657358,20.1227894,17.4490882857841,-28.4477866,1.0842908,0.562566666666667,0.218433333333333
POC15-2,1,2014.2969864805,NA,NA,NA,NA,0.555933333333333,0.2159
POC15-2,1.5,2012.75189689916,21.5439154,16.8742290098147,-28.5323884,1.559334,0.76035,0.2806
POC15-2,2,2011.20680731782,20.49481,16.7680421961324,-28.506366,1.4446684,0.860366666666667,0.31476666666666703
POC15-2,2.5,2008.83729620911,20.2088734,16.7562386888047,-28.5484642,1.3658358,0.937966666666667,0.3354
POC15-2,3,2006.46778510041,20.14957135,16.5143060462493,-28.6228955,1.3857999,0.9767,0.334933333333333
POC15-2,3.5,2003.12261374845,19.0439434,16.1960384732748,-28.5836066,1.344336,1.02786666666667,0.353733333333333
POC15-2,4,1999.7774423965,17.9301549,16.3787618530331,-28.5088262,1.4805014,1.07883333333333,0.354366666666667
POC15-2,4.5,1996.7142529843,16.835701,17.0947653306803,-28.5378144,1.5654768,1.20573333333333,0.3777
POC15-2,5,1993.6510635721,17.2437812,17.2538988863069,-28.4319046,1.385288,1.26833333333333,0.389
POC15-2,5.5,1989.95533629597,17.9220273,17.0474602014892,-28.4666466,1.4702634,1.20216666666667,0.381966666666667
POC15-2,6,1986.25960901983,17.4573155,16.3939467358962,-28.5123944,1.3760738,1.27376666666667,0.3891
POC15-2,6.5,1982.43537094351,15.6378154,16.0639601344466,-28.4632846,1.523501,1.3762,0.411866666666667
POC15-2,7,1978.61113286718,15.053571700000001,15.8494969847301,-28.3387466,1.6576188,1.22096666666667,0.3872
POC15-2,7.5,1975.03895249972,15.1514377,16.001197282906,-28.2951434,1.8111888,0.999966666666667,0.357633333333333
POC15-2,8,1971.46677213226,14.8238945,15.9619272376872,-28.3059176,1.9186878,0.9118,0.340366666666667
POC15-2,8.5,1967.36723954242,14.6668385,15.9995707438186,-28.1807738,2.0855672,0.875125,0.3383
POC15-2,9,1963.26770695258,14.1357319,16.3718954221871,-28.1015242,2.2319706,0.854033333333333,0.334166666666667
POC15-2,9.5,1958.33823319354,13.9153577825814,16.295482818488,-27.930598,2.21997542257135,0.823333333333333,0.337633333333333
POC15-2,10,1953.4087594345,14.3265608886437,16.5248839672885,-27.8630125,1.95177849836732,0.7497,0.307866666666667
POC15-2,11,1944.74382302593,14.778376866472,16.2263668804389,-27.836566,2.17675174360724,0.7005,0.2988
POC15-2,12,1936.07888661737,15.7631446726138,16.4507831838292,-27.7846525,2.2208360285719,0.6479,0.295
POC15-2,13,1927.4139502088,16.9402694328415,16.6033090712036,-27.699436,2.09268690131604,0.5704,0.2713
POC15-2,14,1920.36271553357,17.7861862512196,16.0675597470092,-27.656338,1.9772915747497,0.497,0.2369
POC15-2,15,1913.31148085834,18.2179107645982,15.1987575250664,-27.5730805,2.12636065218694,0.311233333333333,0.165
POC15-2,16,1906.26024618312,17.992235475074,14.2255639274445,-27.5985475,2.01456969313683,0.247,0.1433
POC15-2,17,1899.27827100222,18.1664057511304,14.3903964319347,-27.5711215,1.98609303364528,0.2157,0.1338
POC15-2,18,1892.29629582133,19.0324216052485,14.6696786563277,-27.401668,2.12198655410621,0.2491,0.1449
POC15-2,19,1885.31432064044,19.1438255693803,14.804149329545,-27.395791,1.9122432182347,0.2431,0.1404
POC15-2,20,1879.41567936633,18.6366001262474,14.5148599288722,-27.448684,1.98204840601729,0.239966666666667,0.1379
POC15-2,21,1873.51703809221,18.7021454433566,14.5960373691167,-27.4437865,2.10889044981287,0.2317,0.1441
POC15-2,22,1867.6183968181,18.1301202756164,14.4925278217801,-27.411463,2.06002531637585,0.2626,0.1446
POC15-2,23,1861.16253816252,18.3653593972509,14.4952118840112,-27.3948115,1.9979936964225,0.2783,0.1469
POC15-2,24,1854.70667950694,18.0741770352165,14.3432240200666,-27.429094,2.02008627941789,0.2831,0.1609
POC15-2,25,1848.25082085136,18.0626023820271,14.250080310986,-27.423217,1.92801360306294,0.279266666666667,0.1673
POC15-2,26,1836.6049627285,18.2806539151047,14.2059809710047,-27.4535815,2.06052328919817,NA,NA
POC15-2,27,1824.95910460564,18.3314641158804,14.1054089193592,-27.55447,2.08621878598611,0.3579,0.2165
POC15-2,28,1813.31324648278,17.7002230514355,13.9342910939644,-27.5613265,2.03995606164288,0.2881,0.1697
POC15-2,29,1804.91000331722,17.0029259287682,13.8580020061066,-27.5260645,2.00275391422677,0.2761,0.1423
POC15-2,30,1796.50676015167,17.2453577190883,13.9142766952119,-27.5103925,2.09175337290982,0.274966666666667,0.154033333333333
POC15-2,31,1788.10351698611,17.4651646381596,14.0332731568106,-27.4692535,2.22222076825825,0.2856,0.16
POC15-2,32,1779.70027382055,17.076684615363,13.9995918340352,-27.478069,2.24087332940509,0.2544,0.1477
POC15-2,33,1771.29703065499,16.8545141084793,13.8888466933231,-27.5319415,2.20011048535601,0.2714,0.1452
POC15-2,34,1762.89378748944,16.8934829069149,13.8896491524559,-27.454561000000002,2.12684256092575,0.2491,0.1337
POC15-2,35,1754.49054432388,16.9559224373121,13.7422532484666,-27.4457455,2.14848546244154,0.2537,0.143666666666667
POC15-2,36,1746.08730115832,16.7957925420302,13.650124144509,-27.470233,2.17742219703054,0.2554,0.1487
POC15-2,37,1737.68405799276,16.8748755521473,13.7255638591155,-27.509413,2.30533834982849,0.2616,0.1479
POC15-2,38,1729.28081482721,16.8224617175202,13.6533001068993,-27.385996,2.1764687719677,0.2583,0.1406
POC15-2,39,1720.87757166165,16.4502314326225,13.5967692050662,-27.444766,2.18038736882915,0.2652,0.1434
POC15-2,40,1712.47432849609,16.7346349112063,13.7103401594334,-27.5319415,2.28367052865956,0.2569,0.140966666666667
POC15-2,41,1704.07108533053,16.4865852130698,13.6978559742483,-27.35857,2.2937076347987,0.2617,0.1472
SLK13-1,0,2013.62903225806,5.7043336,10.364560074321,-30.253163700000002,2.89273055878948,1.9754,0.403
SLK13-1,1.5,2003.92920686481,5.3060898,10.2863113148091,-30.3810947,2.97959107616334,1.7954,0.3725
SLK13-1,2,2000.69593173372,NA,NA,NA,NA,NA,NA
SLK13-1,3,1992.62420957928,5.3509351,10.4663685034801,-30.14324345,2.93523452400094,2.0594,0.4081
SLK13-1,4,1983.58617644794,5.2072187,10.5181696931478,-30.3001726,2.98375324773302,1.9411,0.3866
SLK13-1,5,1977.12778340587,5.3035739,10.7406911088326,-29.9881188,2.86649804528717,2.039,0.4078
SLK13-1,6,1970.6693903638,5.6096341,11.0082099914754,-29.7009823,2.80614394516609,2.0482,0.4254
SLK13-1,7,1964.21099732173,6.2465343,11.0691468342219,-29.6975159,2.81175874293838,1.8561,0.3963
SLK13-1,8,1957.75260427966,6.3152605,11.1436819253229,-29.5853289,3.01001473063702,1.7942,0.378
SLK13-1,9,1950.07463545637,6.913474,11.4326437230192,-29.3282076,2.97392199405477,1.7501,0.3886
SLK13-1,10,1942.39666663308,7.1643751,11.2282172392695,-29.1989788,2.77456633947745,1.7166,0.3818
SLK13-1,11,1934.71869780979,7.7012421,11.3770782347868,-29.1653962,2.78119597491786,1.5689,0.3525
SLK13-1,12,1925.56623188612,7.5727735,11.2764335146283,-29.133279,2.69611579773106,1.3116,0.3032
SLK13-1,13,1916.41376596245,6.1231064,11.3513537964363,-29.2825947,2.62744085653196,1.2422,0.2821
SLK13-1,14,1907.26130003878,6.9539254,11.214051676788,-29.0493388,2.5861267960552,1.417,0.3192
SLK13-1,15,1895.41908505727,6.5008077,11.701707787059,-29.0504922,2.57601007311523,0.9266,0.2133
SLK13-1,16,1883.57687007576,9.9408683,11.6070945846541,-29.2250735,2.27733190055365,0.9812,0.2582
SLK13-1,17,1873.78869246892,7.5381451,11.8997702810773,-29.2222981,2.33496092316082,0.517,0.1465
SLK13-1,18,1864.00051486208,11.425805,11.6631334370573,-29.4710607,2.40843490147669,0.8806,0.2348
SLK13-1,19,1855.59727169652,9.09424615,11.838008111928,-29.35819745,2.39554497793517,0.5369,0.1551
SLK13-1,20,1847.19402853097,12.09442,11.7521480886369,-29.2558939,2.35587409149723,0.76175,0.2162
SLK13-1,21,1838.79078536541,12.0844506,11.7700295613081,-29.080163,2.40801144489044,0.689,0.2005
SLK13-1,22,1830.38754219985,12.2446754,11.7696511044589,-29.2553996,2.52198184264376,0.8321,0.2315
SLK13-1,23,1821.98429903429,12.1165121,11.678206809834,-29.1981902,2.35427877697468,0.7579,0.2103
SLK13-1,24,1813.58105586874,12.0698947,11.7238158624127,-29.2881079,2.33206760138733,0.77,0.2119
SLK13-1,25,1805.17781270318,12.1023661,11.6132931623935,-29.2330611,2.47329053350026,0.7545,0.2153
SLK13-1,26,1796.77456953762,11.9775071,11.7582602281342,-29.2541328,2.54116322375983,0.7751,0.212
SLK13-1,27,1788.37132637206,11.8893173,11.5281328287813,-29.376605,2.64637118293545,0.7958,0.2197
SLK13-1,28,1779.96808320651,11.9355236,11.5477512672218,-29.4160754,2.5770759594928,0.7274,0.1996
SLK13-1,29,1771.56484004095,10.7618109,11.544777725332,-29.2637924,2.63134410813354,0.6879,0.1886
SLK13-1,30,1763.16159687539,11.4631375,11.5258079280279,-29.3037014,2.75432296931874,0.7889,0.2183
SLK13-1,31,1754.75835370983,7.890573,11.4860150090499,-29.2817488,2.73630259966835,0.5007,0.1364
SLK13-1,32,1746.35511054428,11.4457587,11.4962098167809,-29.5267302,2.71681872438932,0.8188,0.2243
SLK13-1,33,1737.95186737872,11.5562138,11.5569962086433,-29.3906207,2.75558429323089,0.764,0.2115
